{"Rennes": {"average_dispersionIndex": 17.09935449451883, "average_left_right_index": 1.128326404640085, "average_forward_backward_index": -6.062692644185454, "average_player_x_mean": 46.43730735581454, "average_player_y_mean": 35.12832640464008}}
,